timestamp,ctx_expected_ingress_multiplier,ctx_expected_transaction_multiplier,ctx_expected_identity_multiplier,ctx_expected_streaming_multiplier,compute_cpu_utilization_pct,compute_throttling_duration_ms,compute_context_switches_per_sec,memory_utilization_pct,memory_growth_slope,memory_swap_rate_kb_per_sec,network_ingress_throughput_bps,network_egress_throughput_bps,network_packet_drop_rate_pct,network_routing_churn_events,app_request_rate_per_min,app_error_rate_5xx_pct,app_latency_p99_ms,app_auth_failure_rate_pct,streaming_cdn_rps,streaming_segment_fetch_latency_ms,streaming_buffer_stall_rate_pct,control_plane_bgp_adjacency_flaps,control_plane_copp_drop_count,control_plane_hsrp_state_transitions,commerce_cart_abandonment_rate_pct,target_transaction_verdict,target_security_verdict,target_process_verdict,target_streaming_verdict,target_control_plane_verdict
2026-07-16T18:00:00Z,1.0,1.0,1.0,1.0,52.7,0.0,3351.1,54.9,0.004,0.0,15470886739.0,24878111758.0,0.03,0,957212.9,0.03,103.5,0.017,592676.5,44.7,0.13,0,9.0,0,1.7,0,0,0,0,0
2026-07-16T18:01:00Z,1.0,1.0,1.0,1.0,50.5,0.0,3051.1,54.6,0.004,0.0,18790438700.0,21772629841.0,0.03,0,978624.2,0.06,95.8,0.019,504380.4,37.3,0.12,0,12.0,0,2.5,0,0,0,0,0
2026-07-16T18:02:00Z,1.0,1.0,1.0,1.0,48.3,0.0,3296.4,51.8,0.002,0.0,15649607527.0,22378524631.0,0.01,0,933962.8,0.04,115.0,0.024,531236.7,47.5,0.13,0,9.0,0,1.8,0,0,0,0,0
2026-07-16T18:03:00Z,1.0,1.0,1.0,1.0,51.8,0.0,3111.8,49.6,0.001,0.0,18934621888.0,23324254283.0,0.02,0,956145.8,0.04,107.1,0.013,511453.0,45.0,0.1,0,11.0,0,2.3,0,0,0,0,0
2026-07-16T18:04:00Z,1.0,1.0,1.0,1.0,51.3,0.0,3442.9,52.5,0.002,0.0,15154089173.0,22183586946.0,0.01,0,881705.7,0.06,97.0,0.011,528138.4,39.4,0.12,0,11.0,0,2.3,0,0,0,0,0
2026-07-16T18:05:00Z,1.0,1.0,1.0,1.0,51.6,0.0,3325.1,54.5,0.002,0.0,15113560366.0,20450239304.0,0.02,0,892375.4,0.03,105.0,0.013,569632.0,41.7,0.09,0,8.0,0,2.1,0,0,0,0,0
2026-07-16T18:06:00Z,1.0,1.0,1.0,1.0,48.6,0.0,3070.1,48.9,0.005,0.0,19542903454.0,23498535669.0,0.02,0,993835.3,0.06,111.5,0.019,527224.2,36.4,0.14,0,10.0,0,1.7,0,0,0,0,0
2026-07-16T18:07:00Z,1.0,1.0,1.0,1.0,48.1,0.0,3463.4,49.4,0.004,0.0,18792597649.0,23597314780.0,0.02,0,925461.8,0.05,109.5,0.012,541580.7,35.6,0.1,0,8.0,0,1.6,0,0,0,0,0
2026-07-16T18:08:00Z,1.0,1.0,1.0,1.0,46.0,0.0,3470.1,49.4,0.005,0.0,17905305699.0,21734349023.0,0.02,0,804560.8,0.07,104.5,0.026,508273.0,42.3,0.1,0,14.0,0,2.1,0,0,0,0,0
2026-07-16T18:09:00Z,1.0,1.0,1.0,1.0,49.7,0.0,3213.6,50.7,0.003,0.0,17194557302.0,20108060399.0,0.03,0,979232.2,0.03,106.6,0.012,567224.0,39.2,0.12,0,12.0,0,2.3,0,0,0,0,0
2026-07-16T18:10:00Z,1.0,1.0,1.0,1.0,46.1,0.0,3732.8,49.8,0.001,0.0,17774262347.0,21854611419.0,0.03,0,961650.3,0.04,118.6,0.016,551505.7,38.8,0.14,0,7.0,0,1.5,0,0,0,0,0
2026-07-16T18:11:00Z,1.0,1.0,1.0,1.0,49.4,0.0,3793.9,55.1,0.004,0.0,19453962454.0,24467233198.0,0.02,0,863185.8,0.06,109.8,0.017,509446.7,46.2,0.08,0,14.0,0,1.7,0,0,0,0,0
2026-07-16T18:12:00Z,1.0,1.0,1.0,1.0,46.2,0.0,3664.9,49.2,0.002,0.0,17996913958.0,24372810204.0,0.01,0,862064.7,0.06,119.2,0.02,514389.8,35.2,0.07,0,6.0,0,2.2,0,0,0,0,0
2026-07-16T18:13:00Z,1.0,1.0,1.0,1.0,46.2,0.0,3405.1,53.6,0.003,0.0,15998878258.0,24020622631.0,0.02,0,947796.8,0.03,93.7,0.029,539757.8,39.5,0.1,0,12.0,0,2.5,0,0,0,0,0
2026-07-16T18:14:00Z,1.0,1.0,1.0,1.0,47.9,0.0,3739.8,48.2,0.003,0.0,18169875558.0,20529487019.0,0.01,0,883822.9,0.07,107.9,0.029,580436.1,42.0,0.13,0,5.0,0,1.6,0,0,0,0,0
2026-07-16T18:15:00Z,1.0,1.0,1.0,1.0,53.3,0.0,3637.5,49.9,0.003,0.0,18030079104.0,24338694769.0,0.02,0,882514.3,0.04,102.8,0.023,586749.1,41.8,0.07,0,7.0,0,2.2,0,0,0,0,0
2026-07-16T18:16:00Z,1.0,1.0,1.0,1.0,53.2,0.0,3084.2,48.5,0.003,0.0,15730866221.0,24123320952.0,0.02,0,828774.4,0.07,95.0,0.016,515361.3,36.7,0.05,0,6.0,0,1.7,0,0,0,0,0
2026-07-16T18:17:00Z,1.0,1.0,1.0,1.0,45.5,0.0,3472.9,53.4,0.003,0.0,16589955485.0,22522631185.0,0.03,0,970226.3,0.02,95.4,0.015,524938.8,43.6,0.09,0,5.0,0,1.9,0,0,0,0,0
2026-07-16T18:18:00Z,1.0,1.0,1.0,1.0,50.2,0.0,3081.3,54.7,0.001,0.0,19624209345.0,20495565708.0,0.03,0,980530.6,0.07,114.1,0.026,564248.3,46.7,0.06,0,10.0,0,2.0,0,0,0,0,0
2026-07-16T18:19:00Z,1.0,1.0,1.0,1.0,53.6,0.0,3370.2,51.1,0.004,0.0,16332316588.0,20698842055.0,0.02,0,883377.9,0.03,101.0,0.017,532749.6,40.7,0.12,0,8.0,0,2.4,0,0,0,0,0
2026-07-16T18:20:00Z,1.0,1.0,1.0,1.0,54.2,0.0,3384.7,50.6,0.003,0.0,19242802444.0,23262936703.0,0.03,0,906544.5,0.05,98.6,0.025,520240.5,45.4,0.14,0,6.0,0,2.1,0,0,0,0,0
2026-07-16T18:21:00Z,1.0,1.0,1.0,1.0,46.0,0.0,3580.6,48.7,0.005,0.0,15687039650.0,24794401230.0,0.03,0,918736.4,0.06,113.9,0.029,525338.3,43.9,0.06,0,11.0,0,1.7,0,0,0,0,0
2026-07-16T18:22:00Z,1.0,1.0,1.0,1.0,50.6,0.0,3457.9,51.7,0.003,0.0,18819616950.0,23996223583.0,0.02,0,919918.7,0.07,93.6,0.012,508770.9,44.9,0.09,0,13.0,0,2.2,0,0,0,0,0
2026-07-16T18:23:00Z,1.0,1.0,1.0,1.0,48.3,0.0,3718.7,54.1,0.002,0.0,16820960089.0,21572199901.0,0.01,0,829556.7,0.07,103.1,0.018,572968.6,43.3,0.14,0,13.0,0,2.0,0,0,0,0,0
2026-07-16T18:24:00Z,1.0,1.0,1.0,1.0,48.8,0.0,3789.3,53.7,0.005,0.0,15592392886.0,24252668396.0,0.02,0,824384.3,0.05,110.6,0.01,545431.8,47.4,0.08,0,10.0,0,1.9,0,0,0,0,0
2026-07-16T18:25:00Z,1.0,1.0,1.0,1.0,48.0,0.0,3734.8,54.3,0.001,0.0,19985173289.0,24396000122.0,0.02,0,967379.3,0.03,120.0,0.023,565012.5,36.4,0.14,0,5.0,0,1.7,0,0,0,0,0
2026-07-16T18:26:00Z,1.0,1.0,1.0,1.0,46.4,0.0,3621.4,49.6,0.005,0.0,18281345197.0,20180813552.0,0.01,0,810331.6,0.05,114.0,0.015,584940.9,35.9,0.13,0,14.0,0,2.3,0,0,0,0,0
2026-07-16T18:27:00Z,1.0,1.0,1.0,1.0,52.0,0.0,3670.4,48.3,0.002,0.0,15624618397.0,22522654951.0,0.02,0,926002.4,0.06,94.7,0.025,519304.1,39.1,0.12,0,15.0,0,2.1,0,0,0,0,0
2026-07-16T18:28:00Z,1.0,1.0,1.0,1.0,45.5,0.0,3493.0,48.3,0.005,0.0,18547891426.0,20865639232.0,0.01,0,836706.6,0.07,103.8,0.026,563640.8,43.6,0.06,0,14.0,0,1.8,0,0,0,0,0
2026-07-16T18:29:00Z,1.0,1.0,1.0,1.0,50.8,0.0,3559.8,53.2,0.005,0.0,15742194950.0,22541763692.0,0.02,0,894833.7,0.03,94.0,0.016,530470.5,41.4,0.11,0,11.0,0,1.9,0,0,0,0,0
2026-07-16T18:30:00Z,1.0,1.0,1.0,1.0,49.1,0.0,3174.1,52.7,0.002,0.0,15180299171.0,22092000221.0,0.02,0,845118.6,0.05,107.0,0.024,564794.8,44.8,0.08,0,13.0,0,2.0,0,0,0,0,0
2026-07-16T18:31:00Z,1.0,1.0,1.0,1.0,49.3,0.0,3500.8,50.9,0.003,0.0,18683528442.0,24432014434.0,0.03,0,900726.6,0.05,114.0,0.016,583738.2,42.4,0.06,0,6.0,0,2.3,0,0,0,0,0
2026-07-16T18:32:00Z,1.0,1.0,1.0,1.0,45.6,0.0,3224.5,50.7,0.002,0.0,16569466849.0,23713462834.0,0.01,0,965434.7,0.06,101.2,0.013,560084.0,36.8,0.09,0,15.0,0,2.5,0,0,0,0,0
2026-07-16T18:33:00Z,1.0,1.0,1.0,1.0,52.7,0.0,3248.8,53.5,0.004,0.0,16939208476.0,23204443173.0,0.01,0,841811.5,0.05,94.9,0.013,583630.4,49.8,0.11,0,13.0,0,2.5,0,0,0,0,0
2026-07-16T18:34:00Z,1.0,1.0,1.0,1.0,46.4,0.0,3358.6,51.1,0.001,0.0,18776650864.0,22168895137.0,0.02,0,830134.6,0.03,117.2,0.011,523285.2,39.4,0.1,0,11.0,0,2.0,0,0,0,0,0
2026-07-16T18:35:00Z,1.0,1.0,1.0,1.0,45.8,0.0,3194.9,54.7,0.004,0.0,18245745251.0,23351016277.0,0.03,0,811621.7,0.04,106.2,0.017,584447.9,42.2,0.13,0,14.0,0,2.0,0,0,0,0,0
2026-07-16T18:36:00Z,1.0,1.0,1.0,1.0,54.1,0.0,3469.7,54.8,0.002,0.0,17494084793.0,22657055205.0,0.01,0,879710.5,0.07,108.9,0.014,533885.6,37.9,0.05,0,14.0,0,1.9,0,0,0,0,0
2026-07-16T18:37:00Z,1.0,1.0,1.0,1.0,48.1,0.0,3478.8,48.1,0.002,0.0,18515167328.0,23168848865.0,0.03,0,924071.5,0.04,112.8,0.028,572069.6,49.4,0.13,0,14.0,0,1.6,0,0,0,0,0
2026-07-16T18:38:00Z,1.0,1.0,1.0,1.0,52.3,0.0,3352.1,52.4,0.004,0.0,19849075584.0,24922890407.0,0.02,0,946750.7,0.06,100.4,0.012,504094.7,46.7,0.1,0,15.0,0,2.0,0,0,0,0,0
2026-07-16T18:39:00Z,1.0,1.0,1.0,1.0,54.8,0.0,3329.3,54.3,0.001,0.0,17777308551.0,24010298935.0,0.03,0,964516.6,0.02,101.2,0.011,510928.2,45.1,0.12,0,13.0,0,2.4,0,0,0,0,0
2026-07-16T18:40:00Z,1.0,1.0,1.0,1.0,52.4,0.0,3640.7,48.4,0.002,0.0,18109488867.0,24290626523.0,0.01,0,902925.9,0.05,90.9,0.018,589563.5,45.1,0.07,0,14.0,0,1.8,0,0,0,0,0
2026-07-16T18:41:00Z,1.0,1.0,1.0,1.0,53.5,0.0,3239.2,52.7,0.003,0.0,16374125254.0,24432787811.0,0.01,0,816962.3,0.04,111.5,0.026,599874.3,39.4,0.09,0,6.0,0,2.1,0,0,0,0,0
2026-07-16T18:42:00Z,1.0,1.0,1.0,1.0,55.0,0.0,3560.7,52.8,0.003,0.0,19576493801.0,22484582981.0,0.01,0,873075.7,0.02,96.1,0.01,545328.0,44.5,0.08,0,9.0,0,2.5,0,0,0,0,0
2026-07-16T18:43:00Z,1.0,1.0,1.0,1.0,52.5,0.0,3432.7,50.3,0.005,0.0,16175485584.0,21626713653.0,0.03,0,905908.4,0.06,107.7,0.023,529938.3,38.6,0.08,0,7.0,0,2.4,0,0,0,0,0
2026-07-16T18:44:00Z,1.0,1.0,1.0,1.0,47.8,0.0,3449.2,54.3,0.004,0.0,17191931293.0,22381286543.0,0.03,0,934919.5,0.06,117.1,0.026,518517.9,43.4,0.06,0,12.0,0,2.5,0,0,0,0,0
2026-07-16T18:45:00Z,1.0,1.0,1.0,1.0,50.1,0.0,3346.4,48.3,0.005,0.0,15515013421.0,20205395467.0,0.01,0,813106.1,0.04,105.5,0.016,505096.0,36.7,0.09,0,6.0,0,2.2,0,0,0,0,0
2026-07-16T18:46:00Z,1.0,1.0,1.0,1.0,47.1,0.0,3241.7,51.2,0.003,0.0,15008303538.0,20560351855.0,0.03,0,800246.6,0.05,104.7,0.017,543132.7,46.7,0.13,0,8.0,0,1.8,0,0,0,0,0
2026-07-16T18:47:00Z,1.0,1.0,1.0,1.0,47.4,0.0,3383.9,53.5,0.002,0.0,16653678710.0,24651923088.0,0.01,0,892153.9,0.06,94.5,0.011,513820.5,48.8,0.05,0,7.0,0,1.5,0,0,0,0,0
2026-07-16T18:48:00Z,1.0,1.0,1.0,1.0,46.1,0.0,3496.1,49.9,0.003,0.0,17950976914.0,24247176665.0,0.01,0,970673.9,0.05,94.9,0.025,585549.2,38.8,0.14,0,10.0,0,2.1,0,0,0,0,0
2026-07-16T18:49:00Z,1.0,1.0,1.0,1.0,54.8,0.0,3289.2,54.5,0.002,0.0,18996067611.0,23003669594.0,0.01,0,882805.2,0.04,92.3,0.011,534647.9,35.3,0.07,0,12.0,0,2.2,0,0,0,0,0
2026-07-16T18:50:00Z,1.0,1.0,1.0,1.0,52.4,0.0,3253.7,55.1,0.003,0.0,15630131709.0,20718593307.0,0.02,0,834588.8,0.05,119.8,0.01,501658.0,49.9,0.11,0,6.0,0,2.4,0,0,0,0,0
2026-07-16T18:51:00Z,1.0,1.0,1.0,1.0,53.8,0.0,3429.0,53.0,0.002,0.0,15252598482.0,22972838044.0,0.02,0,932724.2,0.06,90.5,0.022,523128.1,48.1,0.08,0,11.0,0,2.1,0,0,0,0,0
2026-07-16T18:52:00Z,1.0,1.0,1.0,1.0,49.0,0.0,3542.1,53.8,0.003,0.0,18792111186.0,24917085380.0,0.02,0,902916.6,0.02,113.9,0.02,540796.1,36.4,0.14,0,9.0,0,2.2,0,0,0,0,0
2026-07-16T18:53:00Z,1.0,1.0,1.0,1.0,46.5,0.0,3769.2,49.4,0.002,0.0,19294914303.0,24562913721.0,0.01,0,893960.2,0.06,116.4,0.018,551701.9,46.1,0.12,0,13.0,0,2.1,0,0,0,0,0
2026-07-16T18:54:00Z,1.0,1.0,1.0,1.0,46.0,0.0,3723.2,54.9,0.004,0.0,15499312386.0,21021986835.0,0.02,0,804628.0,0.07,101.3,0.024,588757.1,40.9,0.08,0,11.0,0,2.1,0,0,0,0,0
2026-07-16T18:55:00Z,1.0,1.0,1.0,1.0,49.1,0.0,3481.4,55.5,0.003,0.0,15983710904.0,21886029914.0,0.02,0,826221.7,0.03,110.5,0.017,595489.8,38.7,0.06,0,13.0,0,2.4,0,0,0,0,0
2026-07-16T18:56:00Z,1.0,1.0,1.0,1.0,47.8,0.0,3161.7,49.5,0.003,0.0,17342083206.0,21297199199.0,0.01,0,896298.3,0.07,109.6,0.02,511069.2,38.8,0.08,0,13.0,0,2.4,0,0,0,0,0
2026-07-16T18:57:00Z,1.0,1.0,1.0,1.0,54.0,0.0,3787.7,55.9,0.005,0.0,15359110703.0,20688967680.0,0.02,0,910579.7,0.02,115.4,0.022,554236.4,37.5,0.08,0,7.0,0,2.4,0,0,0,0,0
2026-07-16T18:58:00Z,1.0,1.0,1.0,1.0,50.8,0.0,3588.1,50.4,0.002,0.0,17024274822.0,23800074859.0,0.03,0,841362.7,0.07,93.6,0.028,510039.6,39.0,0.13,0,7.0,0,1.9,0,0,0,0,0
2026-07-16T18:59:00Z,1.0,1.0,1.0,1.0,49.5,0.0,3196.2,53.7,0.004,0.0,19372875699.0,21696610729.0,0.02,0,849681.3,0.03,94.8,0.029,588798.9,46.7,0.1,0,10.0,0,2.0,0,0,0,0,0
2026-07-16T19:00:00Z,1.0,1.0,1.0,1.0,50.4,0.0,3347.7,49.1,0.002,0.0,19761248579.0,22410153798.0,0.03,0,832715.4,0.05,96.2,0.015,503005.5,36.8,0.14,0,8.0,0,2.1,0,0,0,0,0
2026-07-16T19:01:00Z,1.0,1.0,1.0,1.0,49.7,0.0,3320.4,52.3,0.002,0.0,19943019493.0,24091539344.0,0.02,0,893751.9,0.03,117.6,0.017,505010.7,40.1,0.13,0,11.0,0,2.3,0,0,0,0,0
2026-07-16T19:02:00Z,1.0,1.0,1.0,1.0,52.9,0.0,3169.6,55.4,0.003,0.0,18195068246.0,20011543863.0,0.03,0,856179.3,0.02,103.7,0.013,515232.7,44.5,0.09,0,14.0,0,1.8,0,0,0,0,0
2026-07-16T19:03:00Z,1.0,1.0,1.0,1.0,52.3,0.0,3368.9,53.3,0.003,0.0,17363919864.0,24750305473.0,0.02,0,835447.1,0.05,115.4,0.011,544963.3,48.4,0.12,0,15.0,0,2.0,0,0,0,0,0
2026-07-16T19:04:00Z,1.0,1.0,1.0,1.0,51.6,0.0,3242.0,55.6,0.002,0.0,18692553563.0,22015701021.0,0.02,0,943956.5,0.05,117.2,0.018,564707.2,40.1,0.09,0,9.0,0,1.6,0,0,0,0,0
2026-07-16T19:05:00Z,1.0,1.0,1.0,1.0,45.9,0.0,3534.0,53.2,0.004,0.0,15098832227.0,21632734213.0,0.01,0,955630.3,0.06,97.4,0.023,512936.3,39.1,0.06,0,8.0,0,2.2,0,0,0,0,0
2026-07-16T19:06:00Z,1.0,1.0,1.0,1.0,54.1,0.0,3162.0,52.3,0.004,0.0,19764612342.0,23050302414.0,0.02,0,925095.6,0.04,119.3,0.018,568542.8,35.3,0.09,0,14.0,0,2.1,0,0,0,0,0
2026-07-16T19:07:00Z,1.0,1.0,1.0,1.0,49.4,0.0,3748.7,54.8,0.002,0.0,17722742010.0,22449121280.0,0.02,0,866822.3,0.03,117.4,0.028,584332.3,49.7,0.12,0,13.0,0,2.3,0,0,0,0,0
2026-07-16T19:08:00Z,1.0,1.0,1.0,1.0,49.8,0.0,3365.2,49.9,0.004,0.0,16446600681.0,21289042049.0,0.02,0,881996.5,0.03,114.5,0.027,516770.0,35.1,0.08,0,13.0,0,2.3,0,0,0,0,0
2026-07-16T19:09:00Z,1.0,1.0,1.0,1.0,46.4,0.0,3619.5,48.9,0.003,0.0,19993047575.0,20962954116.0,0.01,0,884560.1,0.05,118.0,0.03,506964.1,37.1,0.13,0,8.0,0,2.4,0,0,0,0,0
2026-07-16T19:10:00Z,1.0,1.0,1.0,1.0,51.6,0.0,3089.5,54.7,0.002,0.0,17117476973.0,22760924643.0,0.02,0,937232.6,0.05,119.8,0.03,551645.9,36.4,0.12,0,15.0,0,1.8,0,0,0,0,0
2026-07-16T19:11:00Z,1.0,1.0,1.0,1.0,49.6,0.0,3339.8,48.4,0.004,0.0,16766688475.0,23937319373.0,0.03,0,964246.2,0.04,99.6,0.025,580138.9,42.4,0.14,0,6.0,0,2.4,0,0,0,0,0
2026-07-16T19:12:00Z,1.0,1.0,1.0,1.0,46.0,0.0,3122.8,52.3,0.001,0.0,15264035507.0,20002593721.0,0.02,0,954924.8,0.02,109.6,0.026,516800.1,37.2,0.14,0,13.0,0,2.0,0,0,0,0,0
2026-07-16T19:13:00Z,1.0,1.0,1.0,1.0,53.2,0.0,3074.2,51.2,0.004,0.0,16287259797.0,23761644572.0,0.02,0,950053.2,0.04,101.0,0.014,520837.9,46.3,0.06,0,6.0,0,1.7,0,0,0,0,0
2026-07-16T19:14:00Z,1.0,1.0,1.0,1.0,46.8,0.0,3658.5,51.2,0.005,0.0,15686056289.0,23267699128.0,0.02,0,878583.6,0.06,119.3,0.027,519230.1,38.3,0.12,0,8.0,0,2.2,0,0,0,0,0
2026-07-16T19:15:00Z,1.0,1.0,1.0,1.0,50.7,0.0,3440.7,54.6,0.004,0.0,15132888825.0,20247295686.0,0.02,0,897238.4,0.03,102.6,0.025,582661.1,43.4,0.09,0,8.0,0,2.0,0,0,0,0,0
2026-07-16T19:16:00Z,1.0,1.0,1.0,1.0,48.1,0.0,3451.3,53.4,0.001,0.0,15005337325.0,21061385694.0,0.03,0,929258.2,0.03,116.7,0.019,547609.2,49.0,0.06,0,7.0,0,2.1,0,0,0,0,0
2026-07-16T19:17:00Z,1.0,1.0,1.0,1.0,47.0,0.0,3543.6,49.7,0.001,0.0,16034925798.0,22113670171.0,0.01,0,826938.4,0.06,99.6,0.017,505527.0,40.4,0.08,0,11.0,0,1.7,0,0,0,0,0
2026-07-16T19:18:00Z,1.0,1.0,1.0,1.0,53.9,0.0,3743.7,48.8,0.001,0.0,15576632191.0,23097846282.0,0.01,0,970476.5,0.06,114.6,0.021,599667.7,35.7,0.09,0,8.0,0,2.4,0,0,0,0,0
2026-07-16T19:19:00Z,1.0,1.0,1.0,1.0,50.8,0.0,3645.0,49.4,0.005,0.0,17493197734.0,22468360381.0,0.03,0,876146.5,0.04,107.5,0.013,532108.6,37.9,0.06,0,14.0,0,2.1,0,0,0,0,0
2026-07-16T19:20:00Z,1.0,1.0,1.0,1.0,48.6,0.0,3326.9,51.5,0.004,0.0,19633846957.0,24663898098.0,0.02,0,865852.5,0.04,107.0,0.019,565875.3,43.3,0.08,0,8.0,0,1.9,0,0,0,0,0
2026-07-16T19:21:00Z,1.0,1.0,1.0,1.0,45.9,0.0,3132.9,53.8,0.003,0.0,16072694863.0,22813362053.0,0.03,0,851484.5,0.06,117.8,0.022,566894.8,35.8,0.14,0,9.0,0,2.4,0,0,0,0,0
2026-07-16T19:22:00Z,1.0,1.0,1.0,1.0,50.8,0.0,3003.7,48.3,0.004,0.0,17813340069.0,20132662186.0,0.02,0,970429.1,0.04,104.0,0.01,578665.0,40.0,0.14,0,9.0,0,2.1,0,0,0,0,0
2026-07-16T19:23:00Z,1.0,1.0,1.0,1.0,47.7,0.0,3128.5,54.2,0.003,0.0,17682439619.0,24827079767.0,0.03,0,971128.4,0.03,107.8,0.028,537446.4,36.5,0.13,0,10.0,0,2.1,0,0,0,0,0
2026-07-16T19:24:00Z,1.0,1.0,1.0,1.0,54.8,0.0,3485.8,51.4,0.002,0.0,17088096463.0,20591995416.0,0.03,0,967543.4,0.03,99.1,0.027,502397.0,42.8,0.1,0,12.0,0,1.7,0,0,0,0,0
2026-07-16T19:25:00Z,1.0,1.0,1.0,1.0,51.7,0.0,3301.4,52.9,0.001,0.0,17308635986.0,22611254470.0,0.01,0,827924.7,0.03,100.3,0.012,594732.0,41.1,0.13,0,15.0,0,1.6,0,0,0,0,0
2026-07-16T19:26:00Z,1.0,1.0,1.0,1.0,51.5,0.0,3697.1,53.1,0.003,0.0,17155381788.0,20179494430.0,0.02,0,998708.6,0.07,91.2,0.024,530176.5,48.5,0.05,0,14.0,0,2.3,0,0,0,0,0
2026-07-16T19:27:00Z,1.0,1.0,1.0,1.0,46.2,0.0,3047.9,54.7,0.002,0.0,17674490765.0,24578724289.0,0.02,0,879446.7,0.04,91.9,0.029,531065.4,37.8,0.08,0,15.0,0,1.6,0,0,0,0,0
2026-07-16T19:28:00Z,1.0,1.0,1.0,1.0,53.7,0.0,3566.3,54.6,0.005,0.0,19210773278.0,24716911756.0,0.01,0,959157.7,0.05,106.3,0.028,597180.4,45.6,0.1,0,10.0,0,1.9,0,0,0,0,0
2026-07-16T19:29:00Z,1.0,1.0,1.0,1.0,48.6,0.0,3313.2,48.7,0.001,0.0,18899349219.0,22230364465.0,0.03,0,922444.2,0.02,94.7,0.014,597573.6,38.3,0.1,0,14.0,0,2.5,0,0,0,0,0
2026-07-16T19:30:00Z,1.0,1.0,1.0,1.0,47.4,0.0,3039.3,49.2,0.001,0.0,15975621205.0,22842848574.0,0.03,0,907443.8,0.05,96.1,0.026,561778.9,48.0,0.14,0,8.0,0,1.6,0,0,0,0,0
2026-07-16T19:31:00Z,1.0,1.0,1.0,1.0,47.3,0.0,3350.3,55.6,0.003,0.0,18853866068.0,22702383461.0,0.01,0,864146.8,0.05,110.2,0.019,522864.6,45.8,0.07,0,14.0,0,1.7,0,0,0,0,0
2026-07-16T19:32:00Z,1.0,1.0,1.0,1.0,46.1,0.0,3398.1,52.2,0.003,0.0,17183337447.0,24974074464.0,0.02,0,895589.3,0.04,92.0,0.022,522796.8,44.6,0.06,0,15.0,0,2.0,0,0,0,0,0
2026-07-16T19:33:00Z,1.0,1.0,1.0,1.0,54.0,0.0,3380.4,48.5,0.004,0.0,18240918648.0,23908785238.0,0.02,0,927587.3,0.06,108.9,0.017,566253.0,45.1,0.15,0,9.0,0,1.9,0,0,0,0,0
2026-07-16T19:34:00Z,1.0,1.0,1.0,1.0,53.1,0.0,3404.6,53.9,0.003,0.0,16077475709.0,23726019214.0,0.01,0,839716.7,0.05,112.4,0.028,527258.6,36.7,0.15,0,7.0,0,1.7,0,0,0,0,0
2026-07-16T19:35:00Z,1.0,1.0,1.0,1.0,47.9,0.0,3423.5,55.1,0.004,0.0,18540787769.0,20875902839.0,0.02,0,895681.0,0.03,98.2,0.016,512727.6,43.3,0.12,0,6.0,0,2.0,0,0,0,0,0
2026-07-16T19:36:00Z,1.0,1.0,1.0,1.0,52.8,0.0,3598.4,54.5,0.003,0.0,19102785413.0,21203765356.0,0.02,0,835271.1,0.04,101.8,0.015,575178.1,39.7,0.08,0,6.0,0,1.9,0,0,0,0,0
2026-07-16T19:37:00Z,1.0,1.0,1.0,1.0,48.0,0.0,3295.4,49.9,0.004,0.0,19650016737.0,22489659264.0,0.02,0,973434.5,0.07,108.4,0.028,590860.8,46.9,0.1,0,6.0,0,1.5,0,0,0,0,0
2026-07-16T19:38:00Z,1.0,1.0,1.0,1.0,49.8,0.0,3395.5,51.3,0.003,0.0,17760813517.0,24183065205.0,0.01,0,845035.5,0.06,115.4,0.03,587291.2,48.3,0.08,0,9.0,0,1.8,0,0,0,0,0
2026-07-16T19:39:00Z,1.0,1.0,1.0,1.0,51.1,0.0,3751.0,50.8,0.003,0.0,16481498152.0,20848999869.0,0.01,0,811589.1,0.07,102.1,0.027,568132.9,37.9,0.07,0,13.0,0,1.8,0,0,0,0,0
2026-07-16T19:40:00Z,1.0,1.0,1.0,1.0,54.1,0.0,3112.0,53.4,0.004,0.0,16176281942.0,21381036817.0,0.03,0,852919.5,0.04,103.0,0.015,577579.1,46.6,0.09,0,13.0,0,1.7,0,0,0,0,0
2026-07-16T19:41:00Z,1.0,1.0,1.0,1.0,45.0,0.0,3456.9,56.0,0.001,0.0,16039990369.0,22594573212.0,0.03,0,817808.4,0.04,112.4,0.017,518883.6,37.9,0.09,0,10.0,0,2.4,0,0,0,0,0
2026-07-16T19:42:00Z,1.0,1.0,1.0,1.0,51.4,0.0,3552.3,55.9,0.003,0.0,17016772016.0,24616734839.0,0.01,0,945963.0,0.06,92.9,0.019,520056.2,37.8,0.1,0,8.0,0,2.3,0,0,0,0,0
2026-07-16T19:43:00Z,1.0,1.0,1.0,1.0,54.1,0.0,3642.2,50.1,0.002,0.0,16273641751.0,20675190480.0,0.03,0,880409.6,0.03,115.4,0.018,503511.7,37.4,0.11,0,13.0,0,1.7,0,0,0,0,0
2026-07-16T19:44:00Z,1.0,1.0,1.0,1.0,54.2,0.0,3680.8,54.8,0.002,0.0,15252679943.0,24337117697.0,0.02,0,923783.3,0.06,93.8,0.026,593851.1,45.9,0.09,0,14.0,0,2.0,0,0,0,0,0
2026-07-16T19:45:00Z,1.0,1.0,1.0,1.0,52.4,0.0,3656.4,54.0,0.002,0.0,15589219505.0,21191692647.0,0.02,0,901055.4,0.05,101.9,0.026,591315.4,38.7,0.12,0,12.0,0,2.0,0,0,0,0,0
2026-07-16T19:46:00Z,1.0,1.0,1.0,1.0,46.9,0.0,3636.2,55.7,0.004,0.0,19589299983.0,24920926325.0,0.02,0,927644.7,0.04,119.6,0.012,541237.5,48.1,0.08,0,13.0,0,1.9,0,0,0,0,0
2026-07-16T19:47:00Z,1.0,1.0,1.0,1.0,54.8,0.0,3706.8,50.4,0.004,0.0,16684282719.0,23031814201.0,0.02,0,965919.1,0.02,96.6,0.024,556352.3,42.4,0.06,0,8.0,0,2.4,0,0,0,0,0
2026-07-16T19:48:00Z,1.0,1.0,1.0,1.0,45.3,0.0,3317.1,55.6,0.001,0.0,18748528755.0,21288063081.0,0.03,0,949213.6,0.06,96.5,0.021,577927.0,38.7,0.07,0,5.0,0,2.5,0,0,0,0,0
2026-07-16T19:49:00Z,1.0,1.0,1.0,1.0,52.1,0.0,3508.4,54.0,0.003,0.0,17380669105.0,22247661206.0,0.02,0,840307.0,0.06,114.4,0.017,557860.9,37.1,0.15,0,14.0,0,2.4,0,0,0,0,0
2026-07-16T19:50:00Z,1.0,1.0,1.0,1.0,48.3,0.0,3135.3,49.7,0.001,0.0,15600553151.0,20356522671.0,0.03,0,814811.5,0.03,114.8,0.022,577441.7,44.5,0.14,0,11.0,0,2.0,0,0,0,0,0
2026-07-16T19:51:00Z,1.0,1.0,1.0,1.0,52.1,0.0,3357.9,50.8,0.003,0.0,15848570525.0,23982858649.0,0.02,0,830706.3,0.03,115.3,0.017,568605.0,47.8,0.06,0,13.0,0,1.8,0,0,0,0,0
2026-07-16T19:52:00Z,1.0,1.0,1.0,1.0,47.2,0.0,3551.1,55.3,0.002,0.0,17844169027.0,21449170569.0,0.02,0,924372.4,0.05,108.7,0.013,569354.0,45.1,0.12,0,6.0,0,1.9,0,0,0,0,0
2026-07-16T19:53:00Z,1.0,1.0,1.0,1.0,49.1,0.0,3069.4,49.8,0.003,0.0,18714531549.0,21185310385.0,0.03,0,909159.7,0.06,104.2,0.02,561971.9,48.9,0.1,0,10.0,0,2.1,0,0,0,0,0
2026-07-16T19:54:00Z,1.0,1.0,1.0,1.0,52.4,0.0,3057.5,52.1,0.003,0.0,19608424921.0,22467532902.0,0.02,0,992440.0,0.04,95.4,0.014,509518.8,35.0,0.09,0,13.0,0,2.2,0,0,0,0,0
2026-07-16T19:55:00Z,1.0,1.0,1.0,1.0,45.3,0.0,3456.0,49.2,0.005,0.0,15836824998.0,23133196088.0,0.02,0,928312.3,0.04,112.8,0.015,590579.2,42.5,0.13,0,13.0,0,2.5,0,0,0,0,0
2026-07-16T19:56:00Z,1.0,1.0,1.0,1.0,47.2,0.0,3229.5,50.0,0.002,0.0,17912223708.0,24967612616.0,0.03,0,905354.6,0.05,115.8,0.029,520386.1,42.9,0.13,0,8.0,0,1.9,0,0,0,0,0
2026-07-16T19:57:00Z,1.0,1.0,1.0,1.0,54.9,0.0,3788.0,55.2,0.004,0.0,16345652504.0,21604250370.0,0.02,0,912155.5,0.05,109.1,0.018,574917.4,40.0,0.08,0,6.0,0,1.7,0,0,0,0,0
2026-07-16T19:58:00Z,1.0,1.0,1.0,1.0,53.5,0.0,3357.0,49.8,0.004,0.0,17769905629.0,20105780057.0,0.02,0,835400.3,0.05,98.3,0.011,505493.5,43.7,0.05,0,13.0,0,1.7,0,0,0,0,0
2026-07-16T19:59:00Z,1.0,1.0,1.0,1.0,51.1,0.0,3355.8,51.5,0.001,0.0,19013761251.0,24465262424.0,0.01,0,835720.8,0.07,106.5,0.013,520279.0,44.9,0.12,0,11.0,0,2.5,0,0,0,0,0
2026-07-16T20:00:00Z,1.0,1.0,1.0,1.0,49.9,0.0,3240.2,51.8,0.002,0.0,16122079463.0,20229816247.0,0.02,0,942281.9,0.02,103.2,0.023,561040.4,46.6,0.13,0,12.0,0,1.6,0,0,0,0,0
2026-07-16T20:01:00Z,1.0,1.0,1.0,1.0,49.8,0.0,3482.7,50.0,0.001,0.0,16117951604.0,22274472009.0,0.02,0,835333.4,0.06,117.8,0.014,592957.3,35.3,0.14,0,15.0,0,1.5,0,0,0,0,0
2026-07-16T20:02:00Z,1.0,1.0,1.0,1.0,52.6,0.0,3776.2,55.2,0.005,0.0,17751617528.0,20390780699.0,0.03,0,922765.7,0.05,102.5,0.021,515358.0,46.1,0.06,0,12.0,0,2.3,0,0,0,0,0
2026-07-16T20:03:00Z,1.0,1.0,1.0,1.0,49.7,0.0,3407.9,50.5,0.005,0.0,18665622373.0,21844942767.0,0.01,0,843915.9,0.04,118.3,0.025,521524.4,47.9,0.09,0,14.0,0,1.7,0,0,0,0,0
2026-07-16T20:04:00Z,1.0,1.0,1.0,1.0,51.2,0.0,3741.3,50.1,0.004,0.0,19936563100.0,20752991436.0,0.01,0,934839.0,0.04,92.1,0.02,575377.1,39.3,0.08,0,13.0,0,2.0,0,0,0,0,0
2026-07-16T20:05:00Z,1.0,1.0,1.0,1.0,53.4,0.0,3357.1,55.6,0.004,0.0,15579494327.0,24425464941.0,0.02,0,828327.8,0.03,110.6,0.011,528659.4,37.1,0.09,0,9.0,0,2.0,0,0,0,0,0
2026-07-16T20:06:00Z,1.0,1.0,1.0,1.0,47.8,0.0,3025.6,52.9,0.002,0.0,18256674994.0,20543334854.0,0.01,0,849658.8,0.04,101.8,0.026,537783.8,43.0,0.11,0,5.0,0,2.0,0,0,0,0,0
2026-07-16T20:07:00Z,1.0,1.0,1.0,1.0,48.4,0.0,3337.0,48.8,0.004,0.0,19712021254.0,20111344103.0,0.02,0,952768.8,0.03,113.6,0.023,592916.3,49.7,0.05,0,9.0,0,2.0,0,0,0,0,0
2026-07-16T20:08:00Z,1.0,1.0,1.0,1.0,46.5,0.0,3269.0,55.9,0.001,0.0,17262539658.0,24213273109.0,0.02,0,895959.7,0.07,104.2,0.013,505172.1,49.2,0.08,0,10.0,0,1.6,0,0,0,0,0
2026-07-16T20:09:00Z,1.0,1.0,1.0,1.0,49.2,0.0,3744.1,52.0,0.005,0.0,16294178186.0,22522726199.0,0.03,0,889650.5,0.03,115.7,0.018,553072.3,49.6,0.07,0,8.0,0,1.5,0,0,0,0,0
2026-07-16T20:10:00Z,1.0,1.0,1.0,1.0,48.9,0.0,3160.1,53.4,0.002,0.0,18374063762.0,21317377141.0,0.02,0,869772.1,0.06,104.0,0.017,585262.3,43.6,0.07,0,14.0,0,1.8,0,0,0,0,0
2026-07-16T20:11:00Z,1.0,1.0,1.0,1.0,45.4,0.0,3395.7,49.0,0.002,0.0,18735554363.0,20653759067.0,0.03,0,987381.5,0.05,111.3,0.024,599280.8,40.1,0.07,0,10.0,0,2.0,0,0,0,0,0
2026-07-16T20:12:00Z,1.0,1.0,1.0,1.0,46.8,0.0,3490.5,48.1,0.005,0.0,16322871389.0,20197801042.0,0.01,0,848049.8,0.03,91.0,0.016,519294.2,40.7,0.09,0,8.0,0,1.8,0,0,0,0,0
2026-07-16T20:13:00Z,1.0,1.0,1.0,1.0,45.9,0.0,3020.2,49.6,0.004,0.0,19954048828.0,24642630875.0,0.02,0,906364.8,0.04,113.2,0.025,584427.2,48.4,0.09,0,13.0,0,2.3,0,0,0,0,0
2026-07-16T20:14:00Z,3.5,1.0,1.0,3.5,62.4,0.0,4200.0,55.2,0.002,0.0,32000000000,45000000000,0.01,0,1200000.0,0.02,120.0,0.02,850000.0,45.0,0.1,0,12,0,2.1,0,0,0,0,0
2026-07-16T20:15:00Z,3.5,5.0,1.0,3.5,78.3,12.5,8900.0,58.1,0.015,0.0,85000000000,92000000000,0.05,0,4800000.0,0.15,185.0,0.03,3200000.0,62.0,0.2,0,45,0,3.5,0,0,0,0,0
2026-07-16T20:16:00Z,3.5,5.0,1.0,3.5,89.1,45.2,14200.0,64.3,0.89,0.0,92000000000,98000000000,1.2,0,5200000.0,0.85,290.0,0.54,3400000.0,88.0,0.4,0,120,0,4.2,0,1,1,0,0
2026-07-16T20:17:00Z,3.5,5.0,1.0,3.5,94.6,110.8,18500.0,72.5,0.91,12.4,98000000000,99000000000,4.8,1,5500000.0,2.4,420.0,0.58,3500000.0,110.0,0.6,0,280,0,5.8,0,1,1,0,0
2026-07-16T20:18:00Z,3.5,5.0,1.0,3.5,98.2,240.1,22100.0,81.4,0.925,88.2,99000000000,99000000000,8.15,3,5600000.0,5.1,580.0,0.61,3550000.0,145.0,0.9,1,420,0,7.2,0,1,1,0,0
2026-07-16T20:19:00Z,3.5,1.0,1.0,3.5,74.1,35.0,9800.0,89.5,0.88,140.5,41000000000,52000000000,1.5,0,1800000.0,3.2,310.0,0.04,2800000.0,95.0,0.5,0,180,0,6.1,0,0,1,0,0
2026-07-16T20:20:00Z,1.0,1.0,1.0,1.0,48.1,0.0,3743.4,75.0,0.49,0.0,18850453591.0,20466354527.0,0.02,0,806835.9,0.06,114.0,0.022,585686.0,36.5,0.08,0,9.0,0,1.5,0,0,1,0,0
2026-07-16T20:21:00Z,1.0,1.0,1.0,1.0,47.7,0.0,3314.2,75.3,0.565,0.0,16351704853.0,24468715644.0,0.02,0,865561.5,0.05,102.5,0.015,550267.9,37.3,0.09,0,11.0,0,1.9,0,0,1,0,0
2026-07-16T20:22:00Z,1.0,1.0,1.0,1.0,47.6,0.0,3775.8,75.6,0.52,0.0,19190682774.0,20710519629.0,0.02,0,833995.7,0.06,107.5,0.015,592959.9,36.7,0.11,0,12.0,0,1.6,0,0,1,0,0
2026-07-16T20:23:00Z,1.0,1.0,1.0,1.0,53.2,0.0,3054.0,75.9,0.491,0.0,18314622258.0,20593386835.0,0.03,0,978945.7,0.03,99.7,0.022,571806.2,41.6,0.07,0,6.0,0,2.5,0,0,1,0,0
2026-07-16T20:24:00Z,1.0,1.0,1.0,1.0,53.7,0.0,3385.9,76.2,0.408,0.0,15570095957.0,24648160939.0,0.03,0,862943.5,0.04,103.6,0.018,519004.5,48.5,0.08,0,12.0,0,1.6,0,0,1,0,0
2026-07-16T20:25:00Z,1.0,1.0,1.0,1.0,51.5,0.0,3271.2,76.5,0.439,0.0,19749256900.0,23742572334.0,0.03,0,827294.1,0.04,101.1,0.021,529686.8,35.9,0.09,0,8.0,0,1.9,0,0,1,0,0
2026-07-16T20:26:00Z,1.0,1.0,1.0,1.0,47.6,0.0,3501.6,76.8,0.492,0.0,17669528164.0,23859302704.0,0.02,0,917503.9,0.07,105.7,0.028,579367.3,35.9,0.09,0,12.0,0,2.5,0,0,1,0,0
2026-07-16T20:27:00Z,1.0,1.0,1.0,1.0,45.9,0.0,3449.6,77.1,0.53,0.0,17538384987.0,23617156842.0,0.03,0,925789.6,0.05,112.6,0.027,586905.4,35.5,0.11,0,7.0,0,2.4,0,0,1,0,0
2026-07-16T20:28:00Z,1.0,1.0,1.0,1.0,49.2,0.0,3150.5,77.4,0.546,0.0,16021797726.0,20467914727.0,0.03,0,952842.1,0.03,98.8,0.029,570818.4,44.2,0.08,0,8.0,0,1.5,0,0,1,0,0
2026-07-16T20:29:00Z,1.0,1.0,1.0,1.0,45.4,0.0,3003.9,77.7,0.436,0.0,18782515239.0,22358200953.0,0.02,0,887227.3,0.04,105.7,0.019,559816.8,48.5,0.15,0,6.0,0,1.9,0,0,1,0,0
2026-07-16T20:30:00Z,1.0,1.0,1.0,1.0,48.5,0.0,3230.0,78.0,0.516,0.0,17481443714.0,24596227911.0,0.01,0,813395.6,0.04,92.4,0.015,598603.0,38.1,0.07,0,11.0,0,2.0,0,0,1,0,0
2026-07-16T20:31:00Z,1.0,1.0,1.0,1.0,48.8,0.0,3661.4,78.3,0.567,0.0,18448809242.0,24341182201.0,0.02,0,913549.1,0.02,95.1,0.011,572788.1,39.3,0.12,0,6.0,0,2.4,0,0,1,0,0
2026-07-16T20:32:00Z,1.0,1.0,1.0,1.0,45.9,0.0,3019.0,78.6,0.533,0.0,16173517445.0,22741366589.0,0.02,0,959105.1,0.04,105.0,0.03,515013.0,47.5,0.06,0,10.0,0,2.4,0,0,1,0,0
2026-07-16T20:33:00Z,1.0,1.0,1.0,1.0,51.9,0.0,3210.7,78.9,0.448,0.0,17607216051.0,22311139651.0,0.02,0,861096.1,0.03,101.0,0.013,587210.4,44.0,0.06,0,12.0,0,2.3,0,0,1,0,0
2026-07-16T20:34:00Z,1.0,1.0,1.0,1.0,46.5,0.0,3006.9,79.2,0.425,0.0,19935931660.0,20224401612.0,0.02,0,814372.4,0.05,112.7,0.017,501093.5,43.9,0.15,0,8.0,0,1.7,0,0,1,0,0
2026-07-16T20:35:00Z,1.0,1.0,1.0,1.0,50.6,0.0,3477.2,79.5,0.421,0.0,19462707474.0,24028863492.0,0.01,0,911175.5,0.03,99.9,0.029,568189.6,49.6,0.09,0,10.0,0,2.0,0,0,1,0,0
2026-07-16T20:36:00Z,1.0,1.0,1.0,1.0,47.4,0.0,3422.1,79.8,0.517,0.0,15619218410.0,20989903732.0,0.03,0,819386.9,0.07,111.8,0.011,569184.7,44.5,0.13,0,13.0,0,2.2,0,0,1,0,0
2026-07-16T20:37:00Z,1.0,1.0,1.0,1.0,48.2,0.0,3557.8,80.1,0.517,0.0,18321724342.0,22185640211.0,0.03,0,999533.5,0.03,96.1,0.021,548137.5,43.6,0.05,0,9.0,0,2.1,0,0,1,0,0
2026-07-16T20:38:00Z,1.0,1.0,1.0,1.0,51.6,0.0,3576.2,80.4,0.565,0.0,18123803173.0,22687538313.0,0.02,0,820238.7,0.03,105.8,0.027,567905.2,36.4,0.11,0,7.0,0,2.2,0,0,1,0,0
2026-07-16T20:39:00Z,1.0,1.0,1.0,1.0,50.9,0.0,3473.1,80.7,0.468,0.0,19320541769.0,23616601655.0,0.02,0,873646.5,0.02,94.3,0.014,537338.4,49.2,0.1,0,7.0,0,1.6,0,0,1,0,0
2026-07-16T20:40:00Z,2.5,1.0,1.0,2.5,62.776,0.0,3306.7,54.2,0.004,0.0,38885259620.0,57608246907.5,0.03,0,880427.6,0.02,117.7,0.028,1380535.25,43.3,0.07,0,13.0,0,2.0,0,0,0,0,0
2026-07-16T20:41:00Z,2.5,1.0,1.0,2.5,53.45399999999999,0.0,3546.4,55.6,0.004,0.0,40964976752.5,50666563562.5,0.03,0,987412.5,0.05,109.3,0.019,1354941.25,36.8,0.06,0,7.0,0,2.3,0,0,0,0,0
2026-07-16T20:42:00Z,2.5,1.0,1.0,2.5,54.87,0.0,3181.4,52.4,0.002,0.0,39540083560.0,57041453020.0,0.02,0,925231.9,0.07,94.5,0.028,1475622.5,47.4,0.11,0,11.0,0,2.1,0,0,0,0,0
2026-07-16T20:43:00Z,2.5,1.0,1.0,2.5,61.242,0.0,3013.2,55.7,0.003,0.0,47268322992.5,54716022987.5,0.01,0,901946.9,0.05,103.1,0.017,1312456.5,42.9,0.09,0,15.0,0,1.7,0,0,0,0,0
2026-07-16T20:44:00Z,2.5,1.0,1.0,2.5,56.876,0.0,3235.2,52.3,0.003,0.0,45546755817.5,61875022132.5,0.02,0,938554.3,0.02,97.9,0.019,1257748.75,44.3,0.12,0,12.0,0,2.0,0,0,0,0,0
2026-07-16T20:45:00Z,2.0,3.0,1.0,2.0,57.120000000000005,0.0,3316.9,48.3,0.001,0.0,36549959242.0,49955552996.0,0.01,0,2734550.0999999996,0.06,114.8,0.021,1123983.2,45.5,0.14,0,6.0,0,2.4,0,0,0,0,0
2026-07-16T20:46:00Z,2.0,3.0,1.0,2.0,50.736000000000004,0.0,3669.0,48.6,0.002,0.0,30038941464.0,44452567056.0,0.02,0,2499595.8,0.04,102.1,0.025,1178626.0,44.8,0.06,0,8.0,0,2.4,0,0,0,0,0
2026-07-16T20:47:00Z,2.0,3.0,1.0,2.0,51.408,0.0,3325.5,55.5,0.005,0.0,34112031770.0,46673968880.0,0.02,0,2852076.3,0.02,94.3,0.022,1046510.4,45.0,0.09,0,14.0,0,2.3,0,0,0,0,0
2026-07-16T20:48:00Z,2.0,3.0,1.0,2.0,55.888000000000005,0.0,3618.3,50.2,0.003,0.0,31974820518.0,48608861686.0,0.03,0,2941289.7,0.06,118.8,0.015,1186364.8,43.6,0.09,0,11.0,0,1.8,0,0,0,0,0
2026-07-16T20:49:00Z,2.0,3.0,1.0,2.0,53.648,0.0,3193.1,48.7,0.003,0.0,38877616758.0,46301519692.0,0.02,0,2657155.8,0.04,96.3,0.026,1039676.6,45.7,0.13,0,11.0,0,2.4,0,0,0,0,0
2026-07-16T20:50:00Z,1.0,1.0,1.0,1.0,47.9,0.0,3705.3,53.8,0.004,0.0,18322898548.0,24231715085.0,0.03,0,884032.6,6.52,509.5,0.019,592694.9,40.9,0.11,0,6.0,0,1.7,1,0,0,0,0
2026-07-16T20:51:00Z,1.0,1.0,1.0,1.0,48.9,0.0,3196.8,51.9,0.004,0.0,19475820589.0,20350572160.0,0.02,0,893454.7,6.24,501.2,0.018,547188.1,43.7,0.1,0,10.0,0,2.3,1,0,0,0,0
2026-07-16T20:52:00Z,1.0,1.0,1.0,1.0,53.0,0.0,3682.9,49.2,0.003,0.0,16426559968.0,23695861610.0,0.01,0,934280.7,6.46,454.8,0.029,538130.8,48.1,0.15,0,14.0,0,1.7,1,0,0,0,0
2026-07-16T20:53:00Z,1.0,1.0,1.0,1.0,48.9,0.0,3696.6,53.5,0.003,0.0,16939320125.0,24061484732.0,0.02,0,893681.1,6.58,484.0,0.013,564280.4,49.6,0.07,0,7.0,0,1.6,1,0,0,0,0
2026-07-16T20:54:00Z,1.0,1.0,1.0,1.0,50.0,0.0,3792.7,48.1,0.003,0.0,17561445214.0,24037236882.0,0.02,0,882068.3,5.67,500.1,0.026,513666.3,40.9,0.14,0,5.0,0,1.8,1,0,0,0,0
2026-07-16T20:55:00Z,1.0,1.0,1.0,1.0,47.7,0.0,3368.0,49.5,0.003,0.0,18533479607.0,22876474763.0,0.01,0,968881.7,0.03,112.9,0.017,578276.1,38.1,0.07,0,10.0,0,1.5,0,0,0,0,0
2026-07-16T20:56:00Z,1.0,1.0,1.0,1.0,47.3,0.0,3579.2,54.7,0.001,0.0,19410388547.0,23987586020.0,0.03,0,939685.7,0.05,105.8,0.023,591911.0,36.5,0.08,0,6.0,0,2.4,0,0,0,0,0
2026-07-16T20:57:00Z,1.0,1.0,1.0,1.0,49.5,0.0,3540.3,54.7,0.005,0.0,15808912289.0,23997563029.0,0.03,0,809775.1,0.06,100.6,0.023,551404.8,38.9,0.06,0,6.0,0,1.6,0,0,0,0,0
2026-07-16T20:58:00Z,1.0,1.0,1.0,1.0,51.4,0.0,3281.1,49.7,0.004,0.0,18434247829.0,22695841462.0,0.03,0,877082.8,0.06,92.3,0.025,598844.7,47.7,0.11,0,11.0,0,1.9,0,0,0,0,0
2026-07-16T20:59:00Z,1.0,1.0,1.0,1.0,51.8,0.0,3616.3,56.0,0.003,0.0,15306520329.0,22979289754.0,0.01,0,848953.0,0.04,111.9,0.014,516575.3,35.7,0.14,0,12.0,0,1.5,0,0,0,0,0
2026-07-16T21:00:00Z,4.0,3.0,1.0,4.0,61.60799999999999,0.0,3446.9,50.3,0.003,0.0,68692083512.0,98466251248.0,0.02,0,2807487.3,0.02,118.7,0.03,2295630.0,42.0,0.07,0,13.0,0,2.2,0,0,0,0,0
2026-07-16T21:01:00Z,4.0,3.0,1.0,4.0,64.192,0.0,3361.0,51.7,0.004,0.0,73676893688.0,92863350872.0,0.02,0,2562282.0,0.04,91.4,0.026,2173199.2,41.6,0.07,0,7.0,0,2.1,0,0,0,0,0
2026-07-16T21:02:00Z,4.0,3.0,1.0,4.0,64.32799999999999,0.0,3051.4,54.1,0.003,0.0,67604711676.0,88626365632.0,0.03,0,2592502.2,0.06,118.2,0.023,2172672.4,46.2,0.1,0,9.0,0,2.0,0,0,0,0,0
2026-07-16T21:03:00Z,4.0,3.0,1.0,4.0,65.55199999999999,0.0,3083.4,51.3,0.001,0.0,68208829472.0,91138674424.0,0.03,0,2421733.5,0.05,103.7,0.01,2099819.2,36.8,0.07,0,8.0,0,1.9,0,0,0,0,0
2026-07-16T21:04:00Z,4.0,3.0,1.0,4.0,68.40799999999999,0.0,3000.8,49.3,0.001,0.0,70993467984.0,86581497408.0,0.02,0,2533094.0999999996,0.02,118.2,0.012,2050743.6,37.2,0.15,0,11.0,0,2.1,0,0,0,0,0
2026-07-16T21:05:00Z,4.0,3.0,1.0,4.0,74.66399999999999,0.0,3070.8,55.8,0.002,0.0,72461430072.0,88401671308.0,0.02,0,2958746.0999999996,0.03,119.9,0.018,2259510.0,49.5,0.06,0,14.0,0,2.1,0,0,0,0,0
2026-07-16T21:06:00Z,4.0,3.0,1.0,4.0,70.72,0.0,3119.3,52.3,0.004,0.0,69124946148.0,83099703564.0,0.01,0,2912635.8,0.02,111.3,0.03,2002993.2,37.4,0.12,0,6.0,0,2.1,0,0,0,0,0
2026-07-16T21:07:00Z,4.0,3.0,1.0,4.0,70.448,0.0,3470.5,50.9,0.004,0.0,71885888560.0,84152743440.0,0.02,0,2929144.2,0.05,104.2,0.016,2034354.4,38.7,0.05,0,15.0,0,1.7,0,0,0,0,0
2026-07-16T21:08:00Z,4.0,3.0,1.0,4.0,72.216,0.0,3134.9,50.3,0.003,0.0,66488113284.0,95967016256.0,0.03,0,2925176.7,0.03,113.3,0.013,2365352.4,42.8,0.08,0,7.0,0,1.5,0,0,0,0,0
2026-07-16T21:09:00Z,1.0,1.0,1.0,1.0,47.5,0.0,3731.2,54.4,0.005,0.0,15503807606.0,22960893718.0,0.02,0,908588.3,0.04,98.5,0.021,518331.8,42.0,0.12,0,6.0,0,2.4,0,0,0,0,0
2026-07-16T21:10:00Z,1.0,1.0,1.0,1.0,50.1,0.0,3655.6,53.2,0.004,0.0,18580654705.0,24375499485.0,0.02,0,855643.4,0.02,108.2,0.011,524129.3,35.9,0.1,0,7.0,0,2.1,0,0,0,0,0
2026-07-16T21:11:00Z,1.0,1.0,1.0,1.0,52.9,0.0,3657.5,50.5,0.003,0.0,17815053800.0,22364435911.0,0.02,0,842017.4,0.07,92.9,0.027,559409.6,38.7,0.12,0,6.0,0,2.3,0,0,0,0,0
2026-07-16T21:12:00Z,1.0,1.0,1.0,1.0,50.9,0.0,3088.6,48.6,0.004,0.0,16464679533.0,24446509254.0,0.03,0,939638.0,0.03,111.3,0.029,509156.0,39.9,0.07,0,9.0,0,2.2,0,0,0,0,0
2026-07-16T21:13:00Z,1.0,1.0,1.0,1.0,49.7,0.0,3456.6,50.5,0.002,0.0,16334668245.0,24298401506.0,0.02,0,875597.7,0.06,91.9,0.015,523010.3,49.8,0.12,0,11.0,0,1.5,0,0,0,0,0
2026-07-16T21:14:00Z,1.0,1.0,1.0,1.0,46.8,0.0,3508.4,51.0,0.005,0.0,18823621096.0,22236920364.0,0.02,0,995080.9,0.04,109.3,0.028,524867.5,48.3,0.06,0,11.0,0,2.3,0,0,0,0,0
2026-07-16T21:15:00Z,1.0,1.0,1.0,1.0,51.1,0.0,3396.4,52.9,0.002,0.0,16077853552.0,21349496720.0,0.02,4,888380.2,0.03,116.5,0.017,544603.2,41.1,0.07,4,806,2,1.9,0,0,0,0,1
2026-07-16T21:16:00Z,1.0,1.0,1.0,1.0,53.2,0.0,3578.8,55.0,0.005,0.0,16687448532.0,23054793392.0,0.02,4,853459.9,0.03,93.4,0.023,578091.9,46.4,0.08,5,1018,2,2.0,0,0,0,0,1
2026-07-16T21:17:00Z,1.0,1.0,1.0,1.0,53.7,0.0,3732.8,54.8,0.005,0.0,17327499986.0,20237367487.0,0.01,3,878055.2,0.03,95.1,0.029,519542.0,49.4,0.13,5,932,2,2.2,0,0,0,0,1
2026-07-16T21:18:00Z,1.0,1.0,1.0,1.0,46.9,0.0,3750.2,50.4,0.002,0.0,18555813991.0,23282243590.0,0.02,2,926489.2,0.03,110.2,0.015,527283.6,37.4,0.08,3,876,2,2.0,0,0,0,0,1
2026-07-16T21:19:00Z,1.0,1.0,1.0,1.0,50.4,0.0,3103.1,53.5,0.005,0.0,17133978108.0,24505526566.0,0.01,0,808591.5,0.06,112.8,0.027,505681.8,46.7,0.09,0,8.0,0,1.7,0,0,0,0,0
2026-07-16T21:20:00Z,1.0,1.0,1.0,1.0,55.0,0.0,3050.9,54.6,0.004,0.0,18675402221.0,23558585600.0,0.03,0,836758.4,0.02,108.0,0.017,512378.7,37.8,0.08,0,6.0,0,1.6,0,0,0,0,0
2026-07-16T21:21:00Z,1.0,1.0,1.0,1.0,54.2,0.0,3249.7,55.9,0.005,0.0,15712856412.0,23574621514.0,0.02,0,938129.4,0.02,95.7,0.012,560413.4,49.8,0.12,0,12.0,0,2.5,0,0,0,0,0
2026-07-16T21:22:00Z,1.0,1.0,1.0,1.0,51.8,0.0,3032.1,54.9,0.002,0.0,15021818108.0,22536170888.0,0.03,0,851466.1,0.04,95.2,0.011,508054.5,182.1,2.89,0,6.0,0,1.8,0,0,0,1,0
2026-07-16T21:23:00Z,1.0,1.0,1.0,1.0,50.5,0.0,3559.9,53.2,0.003,0.0,17775051230.0,20470496533.0,0.01,0,986358.9,0.06,117.7,0.028,564939.3,187.6,2.72,0,5.0,0,1.6,0,0,0,1,0
2026-07-16T21:24:00Z,1.0,1.0,1.0,1.0,48.5,0.0,3561.0,54.3,0.003,0.0,15732180873.0,23739508011.0,0.02,0,802598.7,0.03,99.9,0.015,581187.0,195.6,3.85,0,6.0,0,2.3,0,0,0,1,0
2026-07-16T21:25:00Z,1.0,1.0,1.0,1.0,51.5,0.0,3386.8,51.5,0.001,0.0,17591521379.0,20499659045.0,0.01,0,826509.3,0.07,98.5,0.017,532208.1,224.5,2.73,0,14.0,0,1.8,0,0,0,1,0
2026-07-16T21:26:00Z,1.0,1.0,1.0,1.0,48.5,0.0,3641.5,55.0,0.003,0.0,19856795120.0,22765065032.0,0.02,0,897795.1,0.02,114.1,0.012,530874.8,43.5,0.05,0,6.0,0,2.2,0,0,0,0,0
2026-07-16T21:27:00Z,1.0,1.0,1.0,1.0,45.7,0.0,3381.7,50.7,0.002,0.0,15943894489.0,23817056469.0,0.03,0,828035.9,0.07,107.8,0.023,570992.6,45.6,0.13,0,10.0,0,2.0,0,0,0,0,0
2026-07-16T21:28:00Z,1.0,1.0,1.0,1.0,48.2,0.0,3084.2,53.3,0.001,0.0,16378175255.0,20471149322.0,0.01,0,927746.2,0.05,102.6,0.012,543337.4,40.3,0.12,0,11.0,0,2.0,0,0,0,0,0
2026-07-16T21:29:00Z,1.0,1.0,1.0,1.0,49.9,0.0,3773.0,54.1,0.003,0.0,17396113064.0,20132395507.0,0.03,0,863834.8,0.03,120.0,0.024,504736.4,35.9,0.05,0,11.0,0,1.6,0,0,0,0,0
2026-07-16T21:30:00Z,1.0,1.0,1.0,1.0,54.3,0.0,3749.5,52.4,0.003,0.0,16459472008.0,20319862712.0,0.02,0,820357.2,0.02,99.3,0.01,543403.6,45.6,0.13,0,11.0,0,2.3,0,0,0,0,0
2026-07-16T21:31:00Z,1.0,1.0,1.0,1.0,49.1,0.0,3679.0,52.1,0.002,0.0,19720728233.0,21374854369.0,0.01,0,848534.8,0.04,100.5,0.02,588312.7,39.4,0.1,0,8.0,0,2.3,0,0,0,0,0
2026-07-16T21:32:00Z,1.0,1.0,1.0,1.0,46.6,0.0,3082.8,52.0,0.004,0.0,18977626005.0,22948124265.0,0.03,0,878542.0,0.02,93.5,0.011,532894.4,42.4,0.09,0,11.0,0,2.0,0,0,0,0,0
2026-07-16T21:33:00Z,1.0,1.0,1.0,1.0,51.8,0.0,3533.6,50.5,0.002,0.0,17925739108.0,22982162339.0,0.02,0,866063.6,0.05,109.4,0.013,544104.2,48.4,0.05,0,14.0,0,1.7,0,0,0,0,0
2026-07-16T21:34:00Z,1.0,1.0,1.0,1.0,50.1,0.0,3339.5,48.1,0.005,0.0,17274626137.0,24771341384.0,0.02,0,973255.2,0.07,106.7,0.014,568524.7,43.2,0.14,0,9.0,0,1.8,0,0,0,0,0
2026-07-16T21:35:00Z,1.0,1.0,1.0,1.0,46.4,0.0,3558.9,55.8,0.001,0.0,18702226774.0,24634651813.0,0.01,0,822034.0,0.05,109.4,0.011,583442.3,42.9,0.14,0,14.0,0,2.3,0,0,0,0,0
2026-07-16T21:36:00Z,1.0,1.0,1.0,1.0,50.2,0.0,3201.4,52.0,0.001,0.0,18294230742.0,20669886096.0,0.02,0,810876.4,0.03,97.0,0.022,578678.7,35.9,0.14,0,14.0,0,1.8,0,0,0,0,0
2026-07-16T21:37:00Z,1.0,1.0,1.0,1.0,51.6,0.0,3322.1,49.2,0.003,0.0,15431798373.0,24392360777.0,0.03,0,964322.6,0.05,106.7,0.03,524790.2,36.1,0.11,0,8.0,0,1.8,0,0,0,0,0
2026-07-16T21:38:00Z,1.0,1.0,1.0,1.0,45.1,0.0,3477.0,50.1,0.002,0.0,15202159657.0,21821807882.0,0.03,0,867334.2,0.05,112.7,0.017,582164.1,45.4,0.11,0,5.0,0,1.5,0,0,0,0,0
2026-07-16T21:39:00Z,1.0,1.0,1.0,1.0,54.9,0.0,3625.8,55.5,0.005,0.0,15102214916.0,23959236449.0,0.02,0,957911.6,0.02,98.6,0.025,579302.1,44.3,0.08,0,8.0,0,2.5,0,0,0,0,0
2026-07-16T21:40:00Z,1.0,1.0,1.0,1.0,49.4,0.0,3357.7,52.4,0.003,0.0,17763357823.0,22161677114.0,0.03,0,981810.2,0.07,106.9,0.019,570524.0,47.6,0.11,0,12.0,0,2.2,0,0,0,0,0
2026-07-16T21:41:00Z,1.0,1.0,1.0,1.0,51.8,0.0,3596.9,49.7,0.003,0.0,17941342773.0,20012389654.0,0.03,0,922004.9,0.03,114.5,0.024,575830.0,40.9,0.14,0,9.0,0,2.1,0,0,0,0,0
2026-07-16T21:42:00Z,1.0,1.0,1.0,1.0,45.0,0.0,3515.9,53.7,0.003,0.0,17482794085.0,24049682369.0,0.02,0,855614.8,0.07,111.2,0.03,597126.1,48.8,0.13,0,11.0,0,1.7,0,0,0,0,0
2026-07-16T21:43:00Z,1.0,1.0,1.0,1.0,50.4,0.0,3612.3,52.2,0.004,0.0,15548279496.0,21904701740.0,0.02,0,886465.1,0.03,94.6,0.027,548438.4,35.7,0.05,0,10.0,0,1.7,0,0,0,0,0
2026-07-16T21:44:00Z,1.0,1.0,1.0,1.0,52.1,0.0,3636.3,49.8,0.003,0.0,15772223217.0,21517913258.0,0.03,0,908819.6,0.06,96.8,0.017,547095.2,42.2,0.15,0,6.0,0,2.4,0,0,0,0,0
2026-07-16T21:45:00Z,1.0,1.0,1.0,1.0,53.6,0.0,3442.6,50.8,0.003,0.0,16462338524.0,23995537242.0,0.02,0,985168.4,0.05,105.4,0.024,550393.3,48.6,0.07,0,15.0,0,2.3,0,0,0,0,0
2026-07-16T21:46:00Z,1.0,1.0,1.0,1.0,53.6,0.0,3386.3,54.7,0.002,0.0,18809740893.0,20702250792.0,0.02,0,889146.5,0.04,101.6,0.026,525667.6,46.2,0.06,0,13.0,0,2.3,0,0,0,0,0
2026-07-16T21:47:00Z,1.0,1.0,1.0,1.0,49.0,0.0,3578.0,55.3,0.004,0.0,16952232552.0,22421067571.0,0.03,0,858518.9,0.06,99.8,0.026,508680.0,35.7,0.15,0,14.0,0,2.4,0,0,0,0,0
2026-07-16T21:48:00Z,1.0,1.0,1.0,1.0,54.5,0.0,3350.7,50.3,0.002,0.0,17506045668.0,21100241602.0,0.03,0,800800.6,0.03,97.4,0.014,522577.8,44.8,0.08,0,11.0,0,2.4,0,0,0,0,0
2026-07-16T21:49:00Z,1.0,1.0,1.0,1.0,51.0,0.0,3555.6,50.9,0.002,0.0,16602920312.0,24821413244.0,0.02,0,855502.2,0.04,115.1,0.023,556065.3,48.3,0.12,0,11.0,0,1.7,0,0,0,0,0
2026-07-16T21:50:00Z,1.0,1.0,1.0,1.0,46.1,0.0,3772.1,52.8,0.003,0.0,17945104105.0,20309059805.0,0.03,0,843329.1,0.06,106.0,0.016,503021.0,47.2,0.07,0,6.0,0,2.3,0,0,0,0,0
2026-07-16T21:51:00Z,1.0,1.0,1.0,1.0,48.5,0.0,3311.5,50.0,0.004,0.0,16486647631.0,21050962849.0,0.02,0,840629.9,0.04,92.5,0.013,541705.3,48.2,0.06,0,7.0,0,2.4,0,0,0,0,0
2026-07-16T21:52:00Z,1.0,1.0,1.0,1.0,53.9,0.0,3543.6,49.9,0.003,0.0,16056104972.0,20642942546.0,0.02,0,915164.3,0.04,108.3,0.016,534585.1,46.9,0.14,0,8.0,0,2.1,0,0,0,0,0
2026-07-16T21:53:00Z,1.0,1.0,1.0,1.0,47.8,0.0,3042.7,53.9,0.002,0.0,17128562619.0,22435227467.0,0.01,0,818911.1,0.04,118.6,0.022,538141.0,35.6,0.11,0,6.0,0,2.0,0,0,0,0,0
2026-07-16T21:54:00Z,1.0,1.0,1.0,1.0,52.5,0.0,3338.9,50.4,0.001,0.0,15123889376.0,22150132848.0,0.03,0,848812.6,0.05,110.5,0.011,515310.0,40.0,0.12,0,9.0,0,2.2,0,0,0,0,0
2026-07-16T21:55:00Z,1.0,1.0,1.0,1.0,53.7,0.0,3606.7,55.9,0.004,0.0,19260895975.0,24161831792.0,0.02,0,960360.4,0.07,104.3,0.023,551494.0,47.8,0.09,0,13.0,0,2.3,0,0,0,0,0
2026-07-16T21:56:00Z,1.0,1.0,1.0,1.0,54.6,0.0,3199.1,53.7,0.004,0.0,19681392464.0,24534512090.0,0.02,0,915830.6,0.03,119.2,0.015,572473.6,46.9,0.09,0,7.0,0,1.7,0,0,0,0,0
2026-07-16T21:57:00Z,1.0,1.0,1.0,1.0,53.6,0.0,3408.6,48.7,0.004,0.0,16250855264.0,24381973754.0,0.02,0,840054.2,0.02,105.3,0.019,575131.2,42.0,0.08,0,8.0,0,1.8,0,0,0,0,0
2026-07-16T21:58:00Z,1.0,1.0,1.0,1.0,54.3,0.0,3132.1,55.9,0.002,0.0,15441951177.0,21243451904.0,0.01,0,958006.0,0.05,100.1,0.023,563064.7,49.1,0.15,0,12.0,0,2.3,0,0,0,0,0
2026-07-16T21:59:00Z,1.0,1.0,1.0,1.0,52.9,0.0,3393.0,53.6,0.001,0.0,18790105416.0,24809165036.0,0.01,0,967223.2,0.07,96.8,0.02,592785.8,49.4,0.06,0,8.0,0,2.2,0,0,0,0,0
